,acc,auc
UnifiedCourseNetwork,0.5035931276693588,0.5055439236575991
