,acc,auc
UnifiedCourseNetwork,0.5007340595386741,0.5018750130394564
