,acc,auc
UnifiedCourseNetwork,0.4937597172780394,0.4948526348660751
