,acc,auc
GaussianNaiveBayes,0.5159891598915989,0.5160781849866319
LogisticRegression,0.5340447154471545,0.5172040543759566
MLP,0.5157181571815719,0.4993154826153685
