,acc,auc
UnifiedCourseNetwork,0.5029622352242876,0.5055432969292476
