,acc,auc
UnifiedCourseNetwork,0.5029371797635509,0.5063986796426972
