,acc,auc
LogisticRegression,0.5060796645702307,0.5168568771886494
RandomForest,0.5178197064989518,0.5242981494923796
LightGBM-GPU,0.5048218029350104,0.5146677703389684
