,acc,auc
UnifiedCourseNetwork (LR+NB+MLP+Sent),0.5138317364010453,0.5194177250894689
LightGBM-GPU (baseline),0.5084552308293034,0.515171121400195
