,acc,auc
UnifiedCourseNetwork (LR+NB+MLP+Sent),0.5066530501907308,0.511310971862269
LightGBM-GPU (baseline),0.5084552308293034,0.5151711250090492
