,acc,auc
UnifiedCourseNetwork (LR+NB+MLP+Sent),0.5078545039497793,0.5132528963039775
LightGBM-GPU (baseline),0.5084552308293034,0.5151711286179034
