,acc,auc
UnifiedCourseNetwork (LR+NB+MLP+Sent),0.5107079566275193,0.5171193180304924
LightGBM-GPU (baseline),0.5084552308293034,0.5151711286179034
