,acc,auc
UnifiedCourseNetwork (LR+NB+MLP+Sent),0.5099416143335808,0.5162924763111869
LightGBM-GPU (baseline),0.510262635179872,0.5138043439254316
