,acc,auc
UnifiedCourseNetwork (LR+NB+MLP+Sent),0.5122288878634056,0.5176438608293343
LightGBM-GPU (baseline),0.510262635179872,0.5138043423151817
